,sentence1,source1_np0,sentence2,source2_np0,label
0,"Excluding one - time items , the company enjoyed a profit of 6 cents a share .",the company,"Excluding one - time items , it expects profit of 11 cents to 15 cents a share .",one - time items,2.3329999446868896
1,A man is doing push - ups .,A man,A woman is cutting some octopus .,A woman,0.0
2,"Isaac drenches Haiti , heads toward Cuba , Florida","Cuba , Florida",Isaac nears Haiti with homeless quake population,homeless quake population,2.400000095367432
3,"According to reports , Knight allegedly punched a parking attendant outside a Los Angeles nightclub .",a parking attendant,He was arrested last week for allegedly punching a parking attendant outside a nightclub in LA .,last week,3.25
4,A young girl is sitting on Santa ' s lap .,A young girl,A little girl is sitting on Santa ' s lap,A little girl,4.800000190734863
5,""" Whatever has happened to you by way of punishment is certainly more than enough , "" Covello told the 49 - year - old , whose family , friends and supporters filled half the courtroom .","the 49 - year - old , whose family , friends and supporters filled half the courtroom",""" What has happened to you , sir , by way of punishment , is certainly more than enough , "" Covello said .",way of punishment,3.0
6,South Africa police shot dead 30 miners,South Africa police,South Africa police say they killed 30 + miners,South Africa police,4.199999809265137
7,Umm the California was a cargo ship I do nt care what the article says .,Umm the California,The California was a cargo ship .,The California,4.0
8,"The 30 - year bond US30 YT = RR grew 1 - 3 / 32 for a yield of 4 . 30 percent , down from 4 . 35 percent late Wednesday .",The 30 - year bond US30 YT = RR,"At 11 a . m . ( 1500 GMT ) , the 10 - year note US10 YT = RR was up 11 / 32 for a yield of 3 . 36 percent from 3 . 40 percent Wednesday .",the 10 - year note US10 YT = RR,2.0
9,A man stands in front of a train .,A man,A man stands on a platform in front of a silver train .,A man,3.799999952316284
10,Wave of attacks kills at least 95 in Iraq,Wave of attacks,Suicide attack kills at least 12 in northern Iraq,Suicide attack,1.7999999523162842
11,"In an E - mail statement to the Knoxville News Sentinel , Shumaker said , ' ' I am not giving any consideration to resignation .",an E - mail statement to the Knoxville News Sentinel,"I am not giving any consideration to resignation , "" Shumaker said in a statement .",any consideration,4.0
12,Police fire tear gas at protesters in Bangkok,tear gas,Police fire tear gas at protesters,tear gas,3.0
13,A dog is opening a fridge .,A dog,A dog closes a refrigerator door .,A dog,1.75
14,"In addition , it offered the United States and Israel a way to work around Mr . Arafat .",the United States and Israel,"When the prime minister ' s position was established in the spring , it offered the United States and Israel a way to work around Arafat .",the United States and Israel,3.5999999046325684
15,A white dog is playing with a ball on the beach .,A white dog,A black and white dog is playing with a tan dog .,A black and white dog,1.600000023841858
16,A man is fishing .,A man,A man is exercising .,A man,0.5
17,A cat reclines on an office chair .,A cat,A ginger cat sitting on an office chair .,A ginger cat,3.799999952316284
18,Swiss tourist gang - raped in India,Swiss tourist gang,Swiss tourist gang - raped in India,Swiss tourist gang,5.0
19,Assad warns Turkey of ' heavy price ' for backing Syrian rebels,' heavy price ',Cabinet at war over arming Syrian rebels,Syrian rebels,1.0
20,"Where long - lines used to catch 10 fish per 100 hooks in past decades , they are now lucky to catch one , the study found .",the study,""" Whereas long lines used to catch 10 fish per 100 hooks , now they are lucky to catch one , "" Myers said .",long lines,4.199999809265137
21,A woman standing in front of trees and smiling .,A woman,A man is walking by trees in front of the city skyline .,A man,2.0
22,The man is riding a motorcycle down the road .,The man,A man is riding a red motorcycle on the road .,A man,4.0
23,A federal grand jury indicted them on Tuesday ; the document was sealed until yesterday to allow authorities to make arrests .,A federal grand jury,Federal officials said the document remained sealed until Thursday morning to allow authorities to make arrests in five Western states .,Federal officials,3.400000095367432
24,"As I understand it , nothing that can be changed , or broken down into smaller parts is inherently real .","nothing that can be changed , or broken down into smaller parts",Our interactions are merely depends on where we put our perception .,Our interactions,0.4000000059604645
25,A man is playing a violin .,A man,A woman is using a sewing machine .,A woman,0.0
26,"Two women sitting on a bench , their faces obscured , with one woman carrying an inflatable tiger and the other woman in a Disney snow white costume .",Two women,A girl sits on a bench holding an inflatable tiger next to another girl in a colorful outfit .,A girl,2.200000047683716
27,a cyclist is making his bike jump between two rocks .,his bike,A man jumps his bicycle in the air between two rocks .,A man,4.400000095367432
28,House - Senate deal reached on payroll tax measure,Senate deal,Negotiators reach deal on Congress payroll tax cut bill,deal on Congress payroll tax cut bill,3.799999952316284
29,A boat with four sails is sailing on water .,A boat with four sails,Sail boat sailing on the water .,the water,3.5999999046325684
30,A woman is slipping in the water - tub .,A woman,A woman is lying in a raft .,A woman,0.800000011920929
31,Several black Democratic leaders were attempting to arrange a meeting with DNC chairman Terry McAuliffe to discuss the layoffs .,Several black Democratic leaders,Black Democratic leaders were trying to arrange a meeting with Democratic National Committee Chairman Terry McAuliffe to discuss the layoffs of 10 minority staffers at party headquarters .,Black Democratic leaders,3.25
32,Activists say they fear the gathering is an attempt by corporate farming to push bio - engineered crops on starving countries .,the gathering,"Instead , they fear the conference is an attempt by corporate farming and biotech interests to push into new markets .",the conference,3.0
33,A woman mixes a beauty treatment in a glass .,A woman,A woman is mixing a cream in a glass with a spoon .,A woman,3.5999999046325684
34,Li Na to announce retirement,Li Na,US Senator Ted Cruz to announce presidential bid,US Senator Ted Cruz,0.0
35,A man plays the guitar .,A man,A man is playing the guitar .,A man,5.0
36,Dozens injured as Boeing 777 jet crash lands at San Francisco airport,Boeing 777 jet crash,Asiana Air Boeing 777 crash lands at San Francisco airport,Asiana Air Boeing 777 crash,3.799999952316284
37,A group of people having a drink .,A group,A row of locomotives on a siding in a field .,A row of locomotives,0.0
38,Sri Lanka seek one - day revival against Pakistan,Sri Lanka,Senior journalist killed in Pakistan,Senior journalist,0.6000000238418579
39,6 . 1 - magnitude quake strikes Indonesia,6 . 1 - magnitude quake,"6 . 1 - magnitude quake hits Papua , Indonesia - - USGS",6 . 1 - magnitude quake,4.199999809265137
40,A person is slicing an onion .,A person,A cat is pooping into a toilet .,A cat,0.0
41,"When the bomb exploded at the Casa de España , customers were eating dinner and playing bingo .",the bomb,"At the Casa de Espaa , customers were eating dinner and playing bingo when a bomb went off .",the Casa de Espaa,5.0
42,A dog is chasing cows .,A dog,A white dog is chasing cows .,A white dog,4.0
43,A child is jumping into a swimming pool .,A child,A dog jumping into a swimming pool .,A dog,1.2000000476837158
44,"17 killed , 133 wounded in bomb attacks in northern Iraq",bomb attacks in northern Iraq,"15 killed , 90 wounded in fresh attacks in Iraq",fresh attacks in Iraq,2.799999952316284
45,Russian Air Force celebrates 100 th anniversary,Russian Air Force,Russian air force ' s 100 th anniversary,Russian air force ' s,4.400000095367432
46,Classic crossword - Saturday 1 st June,Classic crossword,Classic crossword - Saturday 20 th April,Classic crossword,1.600000023841858
47,A woman is slicing an onion .,A woman,A woman is cutting an onion .,A woman,4.199999809265137
48,A man with a messenger bag in front of a gray tile wall .,A man,Man in red jacket standing in front of lighthouse .,Man in red jacket,0.800000011920929
49,The effort is the Bush administration ' s latest effort to expand the role of religious organizations in government services .,The effort,July 10 - The Bush administration ' s latest effort to expand the role of religious organizations in government services enlists church - based youth groups in anti - drug programs .,The Bush administration ' s latest effort to expand the role of religious organizations in government services,3.25
50,""" If you pass this bill , Big Brother will be watching you , "" said Rep . John Mabry , D - Waco .","Rep . John Mabry , D - Waco",""" If you pass this bill , "" Rep . John Mabry Jr . , D - Waco , told colleagues , "" Big Brother will be watching you . """,Rep . John Mabry Jr .,4.800000190734863
51,Eye Opener : Supreme Court rules on Arizona immigration law,Eye Opener,U . S . Supreme Court issues split ruling on Arizona immigration law,U . S . Supreme Court issues,3.799999952316284
52,Man dies in Co Donegal house fire,Co Donegal house fire,Woman dies in Co Cork house fire,Co Cork house fire,2.200000047683716
53,I am not the one claiming the right to decide over another woman ' s body .,the one claiming the right to decide over another woman ' s body,You want others to decide over a woman body .,a woman body,2.799999952316284
54,There are two men near a wall .,two men near a wall,Three women are sitting near a wall .,Three women,2.0
55,Syria welcomes Iran ' s nuclear deal,Iran ' s nuclear deal,"Iran , six world powers clinch breakthrough nuclear deal","Iran , six world powers",3.0
56,Pro - Palestinian Activists March to UN Headquarters,UN Headquarters,Pro - Palestinian activists prepare flotilla to break Gaza blockade,Pro - Palestinian activists,2.0
57,Dozens dead in Taliban resort attack,Taliban resort attack,' India police name 3 Iranians in embassy attack ',India police,0.4000000059604645
58,iran is the most prolific applier of the death penalty in the world after china .,the most prolific applier of the death penalty in the world after china,the islamic republic is the most prolific applier of the death penalty in the world after china .,the islamic republic,3.799999952316284
59,"Since you ' re being kind of vague here , I can only give you a vague answer .",a vague answer,"In general , warming up your muscles only requires performing the movement with lower weights .",your muscles,0.0
60,"On Sunday , a U . S . soldier was killed and another injured in southern Iraq when a munitions dump exploded .",a U . S . soldier,"On Sunday , a U . S . soldier was killed and another injured when a munitions dump they were guarding exploded in southern Iraq .",a U . S . soldier,3.75
61,A rabbit is running from an eagle .,A rabbit,A hare is running from a eagle .,A hare,4.199999809265137
62,A man is throwing knives at a tree .,A man,A man is showing magic .,A man,1.75
63,Obama endorses same - sex marriage,same - sex marriage,Obama ' s delicate dance on same - sex marriage,Obama ' s delicate dance,2.5999999046325684
64,Egypt ' s Coptic Pope Shenuda III dies,Egypt ' s Coptic Pope Shenuda III,Egypt prepares to bury Coptic Pope Shenuda III,Coptic Pope Shenuda III,3.5999999046325684
65,' No Evidence ' In Afghanistan Massacre Case,Afghanistan Massacre Case,"US toll in Afghanistan hits 2 , 000",US toll in Afghanistan,0.800000011920929
66,Twelve killed in bomb blast on Pakistani train,bomb blast,Five killed by bomb blast in East India,bomb blast,1.0
67,"Properly executed weight training will increase , not decrease , your flexibility and mobility .",Properly executed weight training,I ' ve seen guys that are still very flexable while lifting weights .,guys that are still very flexable while lifting weights,2.200000047683716
68,"12 killed , 25 injured in bomb blast in NW Pakistan",bomb blast in NW Pakistan,"6 killed , 12 injured in blast in NW Pakista",NW Pakista,2.5999999046325684
69,Avengers sets box office record,box office record,' Hunger Games ' sets box office records,' Hunger Games ',1.600000023841858
70,Austrian found hoarding 56 stolen skulls in home museum,56 stolen skulls,Austrian man charged after 56 human skulls are found at his home,Austrian man,4.400000095367432
71,A young boy is holding a guitar .,A young boy,A little boy is playing a guitar .,A little boy,2.75
72,"For what it ' s worth , dirt on the lens might not be as detrimental as you would think .",dirt on the lens,"Regular dish washing fluid is great for removing grease , as it not only dissolves it but also binds it .",Regular dish washing fluid,0.4000000059604645
73,Two dogs share a toy in a field of vegetation .,Two dogs,Two snowboarders are in the air over the snow .,Two snowboarders,0.1700000017881393
74,Napolitano elected for second term as Italy president,second term,Italian President Napolitano elected for second term,Italian President Napolitano,5.0
75,A woman is chopping an onion .,A woman,A woman is slicing partially into half of an onion .,A woman,3.200000047683716
76,"The blue - chip Dow Jones industrial average eased 44 points , or 0 . 47 percent , to 9 , 543 , after scoring five consecutive up sessions .",The blue - chip Dow Jones industrial average,"The Dow Jones industrial average . DJI rose 18 . 25 points , or 0 . 19 percent , to 9 , 586 . 71 .",The Dow Jones industrial average . DJI,2.0
77,AMD ' s chip sales jumped 7 percent year - on - year to $ 402 million .,AMD ' s chip sales,"Second - quarter sales grew 7 percent , to $ 645 million from $ 600 million in 2002 .",quarter sales,2.200000047683716
78,U . S . soldier killed in shooting incident in S . Afghanistan,shooting incident,Five NATO soldiers killed in Afghanistan,Five NATO soldiers,1.600000023841858
79,EU declares Hezbollah ' s military wing terror group,Hezbollah ' s military wing terror group,EU puts Hezbollah military wing on terror list,Hezbollah military wing,4.800000190734863
80,Dozens of Egyptians hostages taken by Libyan terrorists as revenge for airstrikes,Dozens of Egyptians hostages,Egyptian boat crash death toll rises as more bodies found in Nile,Egyptian boat crash death toll,0.0
81,"The first trial of a suspect in last year ' s Bali nightclub bombings that killed more than 200 people opened in Indonesia today , Sky News reported .",Sky News,One of the key suspects in the October nightclub bombings that killed more than 200 people in Bali went on trial Monday amid tight security .,One of the key suspects in the October nightclub bombings that killed more than 200 people in Bali,3.75
82,"Google CEO says Android important , not critical",Google CEO,"Larry Page says Android important , not critical",Larry Page,4.0
83,"Mom busted in and said , "" What ' s that noise ? """,that noise,My kids busted in and said ' what s that Dad ? ',My kids,1.7999999523162842
84,A man dives into a pool .,A man,A man dives into a swimming pool .,A man,5.0
85,The man is smashing garlic .,The man,A man is smashing some garlic .,A man,5.0
86,He was also expected to visit Yemen and Bahrain during his tour of the region .,Yemen and Bahrain,"Khatami , who arrived in Beirut Monday , was also to visit Syria , Yemen and Bahrain .","Khatami , who arrived in Beirut Monday ,",3.400000095367432
87,A black and white cat lying on a blanket .,A black and white cat,A black and white cat laying on a cat bed .,A black and white cat,3.75
88,jamaat - i - islami ' s youth wing staged a separate demonstration in kashmir .,jamaat - i - islami ' s youth wing,jamaat - i - islami ' s youth wing ' s demonstration was against a us attack on iraq .,jamaat - i - islami ' s youth wing ' s demonstration,3.0
89,Turkey unrest goes on despite end to park protest,Turkey unrest,"Turkish PM Erdogan says "" duty "" to order crackdown on Istanbul park protest",Turkish PM Erdogan,1.0
90,"2 killed , 11 wounded in attacks in Iraq",attacks in Iraq,"15 killed , 90 wounded in fresh attacks in Iraq",fresh attacks in Iraq,2.200000047683716
91,the ensuing battle and airstrikes killed at least 10 militants .,the ensuing battle and airstrikes,an ensuing battle killed at least 10 militants .,an ensuing battle,3.5999999046325684
92,GPS ( wikipedia ) is based on orbiting satellites and so is accurate worldwide .,GPS ( wikipedia ),"GPS systems can , and do , work everywhere you can get satellites .",GPS systems,3.400000095367432
93,A black and white dog is swimming in a large green lake .,A black and white dog,A black dog runs fast into shallow water .,A black dog,2.200000047683716
94,A woman is slicing meat with a knife .,A woman,A man is spreading out dough .,A man,0.4169999957084656
95,A large bird standing on a table picks up a plastic glass containing liquid and places it in a bowl of something .,A large bird standing on a table,A bird picks up a plastic cup containing a liquid with it ' s beak and puts the cup into a bowl .,A bird,3.5
96,The boy is stuck in the door of the doghouse .,The boy,A child is stuck in a dog house .,A child,3.75
97,The veteran Malyasian diplomat met Suu Kyi Wednesday at the lakeside home in Yangon where she is under house arrest .,The veteran Malyasian diplomat,"Razali Ismail met for 90 minutes with Suu Kyi , a 1991 winner of the Nobel Peace Prize , at her lakeside home , where she is under house arrest .",Razali Ismail,3.691999912261963
98,James Murdoch quits BSkyB,James Murdoch,James Murdoch quits role at BSkyB,James Murdoch,4.199999809265137
99,' Whitey ' Bulger ' s girlfriend gets 8 years,' Whitey ' Bulger ' s girlfriend,"Mobster "" Whitey "" Bulger ' s girlfriend gets 8 years","Mobster "" Whitey "" Bulger ' s girlfriend",3.5999999046325684
100,They are being held on immigration violations as the incident is investigated .,immigration violations,Both men are being held for investigation of administrative immigration violations .,Both men,4.400000095367432
101,Read More : You have never met anyone that is Pro - Abortion ?,anyone that is Pro - Abortion,You have never met anyone that is Pro - Abortion ?,anyone that is Pro - Abortion,4.800000190734863
102,A woman is collecting tap water in a mug .,A woman,A boy is filling a pitcher with water .,A boy,1.399999976158142
103,A Tale of Two Passes : How The New York Giants Won The Super Bowl,A Tale,Lesser of two evils triumphs in Super Bowl,Lesser of two evils,1.399999976158142
104,"The identical rovers will act as robotic geologists , searching for evidence of past water .",The identical rovers,"The rovers act as robotic geologists , moving on six wheels .",The rovers,3.200000047683716
105,A train sitting on the tracks near a field .,A train,A baby is sitting in the grass .,A baby,0.0
106,Iran ' s parliament backs nuclear deal,Iran ' s parliament,Iran hardliners attack nuclear deal,Iran hardliners,1.0
107,Demolition work begins on Don Valley Stadium,Demolition work,Demolition work to begin at stadium,Demolition work,3.200000047683716
108,"The market ' s broader gauges also posted big gains , having climbed higher for four consecutive weeks .",The market ' s broader gauges,"The broader market also retreated , having climbed higher for four consecutive weeks .",The broader market,3.5999999046325684
109,A girl is making eyelid .,A girl,A woman is applying eyeshadow .,A woman,2.0
110,A woman holds a dog while another dog stands nearby in a field .,A woman,A lady holding one dog while another dog is playing in the yard .,A lady,3.400000095367432
111,Such a step could put the issue before the UN Security Council .,Such a step,The matter could then be sent to the U . N . Security Council .,The matter,2.799999952316284
112,"ABVP protesters clash with police at Jantar Mantar , throw stones",ABVP protesters,"Protesters clash with police at Jantar Mantar , 5 people detained",Jantar Mantar,2.799999952316284
113,Egypt protesters ' to be dispersed ',Egypt protesters,Abduction teacher to be sentenced,Abduction teacher,0.0
114,Pakistan begins demolition of bin Laden compound,demolition of bin Laden compound,Pakistan demolishes Osama bin Laden hideout,Osama bin Laden hideout,2.799999952316284
115,I Shot the Sheriff We are all vessels filled with many wonders .,the Sheriff,We are all vessels filled with many wonders .,all vessels filled with many wonders,3.400000095367432
116,A man pours oil on some tomatos .,A man,The man poured oil on the cut tomatoes .,The man,3.799999952316284
117,NYPD Twitter Outreach Backfires Badly,NYPD Twitter Outreach,NYPD ' s twitter campaign backfires,NYPD ' s twitter campaign,4.800000190734863
118,Iranian president calls for new nuclear talks,Iranian president,Iranian minister blames West for failed nuke talks,Iranian minister,2.0
119,A dog is playing in the snow .,A dog,A dog is pawing at a fly in the carpet before it .,A dog,1.600000023841858
120,A person sitting on a motorcycle while a man stands by .,A person,A man stands next to a helmeted man on a motorcycle in an empty parking lot .,A man,3.0
121,"To paraphrase a common saying , "" One man ' s weed is another man ' s lawn "" .","a common saying , "" One man ' s weed is another man ' s lawn ""","First , let me say I ' ve no experience doing battle with Bermuda grass .",no experience doing battle with Bermuda grass,1.0
122,Thirty - Seven Dead In Italy Tour Bus Plunge,Seven Dead In Italy Tour Bus Plunge,Thirty Dead In Italian Bus Plunge,Thirty Dead,3.200000047683716
123,18 trapped in Russian coal mine blast,Russian coal mine blast,Ten killed in Russia coal mine blast,Russia coal mine blast,2.799999952316284
124,A man is eating .,A man,A woman is rock climbing .,A woman,0.0
125,Malaysia ' s long - ruling coalition hangs on to power,Malaysia ' s long - ruling coalition,Malaysia ' s ruling coalition wins majority,Malaysia ' s ruling coalition,3.799999952316284
126,The company said it would cut the wholesale price of most top - line CDs to $ 9 . 09 from $ 12 . 02 .,The company,The company also said it would cut wholesale prices on cassettes and change the suggested retail price to $ 8 . 98 .,The company,1.600000023841858
127,But it is clear that the Joint Intelligence Committee was not involved .,the Joint Intelligence Committee,This report was cleared by the Joint Intelligence Committee .,This report,2.0
128,"you don ' t use the search button much , do you ?",the search button,"you don ' t use the search button AT ALL , do you ?",the search button,4.199999809265137
129,A group of people sitting around a table containing food .,A group,A group of people sitting around a table on a porch .,A group,3.400000095367432
130,A woman is chopping an onion .,A woman,A woman is chopping garlic with a knife .,A woman,1.7999999523162842
131,"Peterson told police he fished alone in San Francisco Bay on Christmas Eve , returning to an empty house .",San Francisco Bay,Peterson told police he left his wife at about 9 : 30 a . m . on Dec . 24 to fish alone in San Francisco Bay .,his wife,3.0
132,General Jeffrey said he would donate his military pension to charity for the period he was in office at Yarralumla .,General Jeffrey,Maj - Gen Jeffery said he would give his military pension to charity while he served at Yarralumla .,Gen Jeffery,4.727000236511231
133,The animal with the big eyes is eating .,The animal with the big eyes,A slow loris is eating .,A slow loris,2.5999999046325684
134,"Shares of Littleton , Colorado - based EchoStar rose $ 1 . 63 , or 5 . 3 percent , to $ 32 . 26 at 10 : 55 a . m .","Shares of Littleton , Colorado - based EchoStar","On Monday , EchoStar ( DISH : news , chart , profile ) shares shrank $ 1 . 40 , or 4 . 4 percent , to $ 30 . 63 .","EchoStar ( DISH : news , chart , profile ) shares",2.0
135,Fourteen killed in Brazil bus accident,Brazil bus accident,Two killed in Arizona skydiving accident,Arizona skydiving accident,0.6000000238418579
136,"The tech - heavy Nasdaq Stock Markets composite index added 1 . 16 points to 1 , 504 . 04 .",The tech - heavy Nasdaq Stock Markets composite index,"The Nasdaq Composite index , full of technology stocks , was lately up around 18 points .","The Nasdaq Composite index , full of technology stocks ,",2.200000047683716
137,A man is riding a horse .,A man,A man is playing a keyboard .,A man,0.2000000029802322
138,Two constructions workers sit on a beam taking a break .,Two constructions workers,The man is putting on his shirt near an elevator .,The man,0.0
139,"Two convicted killers and another inmate escaped from a state prison on a busy street Wednesday by cutting through a fence , a Corrections Department official said .",a Corrections Department official,A convicted killer and two other inmates cut through two fences topped with razor wire and escaped from a state prison on a busy street .,A convicted killer and two other inmates,3.5
140,Results of the 2001 Aboriginal Peoples Survey released yesterday by Statistics Canada suggest living standards have improved but still lag for those off reserves .,Results of the 2001 Aboriginal Peoples Survey released yesterday by Statistics Canada,The 2001 Aboriginal Peoples Survey released Wednesday by Statistics Canada says living standards have improved but still lag for the Inuit and those who leave their often impoverished reserves .,The 2001 Aboriginal Peoples Survey released Wednesday by Statistics Canada,3.908999919891357
141,The women are sitiing down .,The women,Two women are sitting close to each other and talking .,Two women,2.5999999046325684
142,"There were indeed some serious issues surrounding Kennedy ' s election in 1960 , one of the closest elections in History .","some serious issues surrounding Kennedy ' s election in 1960 , one of the closest elections in History",As per your original question : The Wikipedia section does not claim that Joseph P Kennedy bought John F Kennedy ' s victory .,The Wikipedia section,1.600000023841858
143,A woman is doing weight exercises .,A woman,A woman is doing her hair .,A woman,0.5
144,Two NATO soldiers killed in Afghanistan,Two NATO soldiers,NATO soldier killed in Afghan attack,NATO soldier,4.0
145,Brown cow with horns standing in a field .,Brown cow,Brown horse standing in middle of grassy field .,Brown horse,1.7999999523162842
146,brazil ' s strategic affairs minister roberto mangabeira unger stated brazil ' s new national defense plan calls for establishing partnerships with countries including russia and france to build a state - of - the - art weapons industry .,brazil ' s strategic affairs minister roberto mangabeira unger,unger stated brazil ' s new national defense plan calls for establishing partnerships with countries including russia and france to build a state - of - the - art weapons industry .,brazil ' s new national defense plan,3.799999952316284
147,A man is mowing a lawn .,A man,A woman is cutting a lemon .,A woman,0.2000000029802322
148,A skateboarder doing a trick on a stone wall .,A skateboarder,A skateboarder riding up to a slope .,A skateboarder,2.200000047683716
149,A woman dances while a man plays the keyboard .,A woman,A woman is dancing on a stage .,A woman,2.200000047683716
150,A woman boils eggs .,A woman,A woman places two eggs into a pot of water .,A woman,3.0
151,A cartoon woman dives into a pool .,A cartoon woman,A cartoon woman is diving off a board .,A cartoon woman,2.799999952316284
152,You should take this animal to a vet right away .,this animal,"As covered in the other answers , your only option is to see a vet in order to have surgery done .",your only option,3.5999999046325684
153,North Korea test fires 30 missiles into the sea,North Korea test,N Korea ' fires 100 shells ' into the sea,the sea,2.799999952316284
154,A train is on the railroad tracks .,A train,A train on the train tracks .,A train,4.800000190734863
155,A man stands in front of a train .,A man,"A man is standing in front of a raised statue , .",A man,2.0
156,Crews worked to install a new culvert and prepare the highway so motorists could use the eastbound lanes for travel as storm clouds threatened to dump more rain .,a new culvert,Crews worked to install a new culvert and repave the highway so motorists could use the eastbound lanes for travel .,a new culvert,3.3329999446868896
157,He claims it may seem unrealistic only because little effort has been devoted to the concept .,little effort,""" This proposal is modest compared with the space programme , and may seem unrealistic only because little effort has been devoted to it .",This proposal,3.5
158,"But at age 15 , she had reached 260 pounds and a difficult decision : It was time to try surgery .",a difficult decision : It was time to try surgery,"But at the age of 15 , she weighed a whopping 117 kg and came to a difficult decision : it was time to try surgery .",the age of 15,4.25
159,mexico wishes to guarantee citizens ' safety .,citizens ' safety,mexico wishes to avoid more violence .,more violence,4.0
160,A woman is peeling an onion .,A woman,The woman is slicing green onions .,The woman,3.25
161,a man in red shorts is walking along rocks by a river carrying a stick .,a man in red shorts,A man is walking on rocks with water flowing around them .,A man,3.400000095367432
162,Egypt ' s main opposition rejects president ' s call for dialogue,Egypt ' s main opposition,Egypt opposition mulls response to Morsi dialogue call,Egypt opposition,3.799999952316284
163,He had been arrested twice before for trespassing and barred from the complex - home to his mother and two children .,the complex - home to his mother and two children,He had been arrested twice before for trespassing and was barred from the complex .,the complex,3.5999999046325684
164,"Shares in BA were down 1 . 5 percent at 168 pence by 1420 GMT , off a low of 164 p , in a slightly stronger overall London market .",Shares in BA,"Shares in BA were down three percent at 165 - 1 / 4 pence by 0933 GMT , off a low of 164 pence , in a stronger market .",Shares in BA,2.400000095367432
165,Three dogs standing in snow next to a blue fence .,Three dogs,Three dogs play in the shallows next to a rocky shore .,Three dogs,2.200000047683716
166,Indian police round up all five suspects in Mumbai rape case,Indian police,Mumbai police arrest fifth suspect in gang - rape case,Mumbai police,3.799999952316284
167,Car bombing kills 17 in Pakistan,Car bombing,Suicide bomber kills 10 in Pakistan,Suicide bomber,2.5999999046325684
168,It means its AN option .,its AN option,does nt mean its a BAD option .,its a BAD option,1.600000023841858
169,"Tropical Storm Isaac drenches Haiti , swipes Cuba",Tropical Storm Isaac,Tropical Storm Isaac threatens dam,Tropical Storm Isaac,1.399999976158142
170,A man is riding a horse .,A man,A woman is washing a freezer .,A woman,0.0
171,A man and small child in a living room posing for the camera .,A man and small child,A man and woman are posing for the camera .,A man and woman,2.400000095367432
172,A person breaks an egg into a small bowl .,A person,A man cracks an egg .,A man,2.5999999046325684
173,Four French soldiers killed in Afghan suicide blast,Four French soldiers,Four foreign soldiers killed in Afghan east,Four foreign soldiers,3.400000095367432
174,"The drop in core wholesale prices in April reflected falling prices for cars , trucks , men ' s and boy ' s clothes and cigarettes .",The drop in core wholesale prices in April,"That was the biggest drop since August 1993 and stemmed from falling prices for cars , trucks , men ' s and boys ' clothes and cigarettes .",the biggest drop since August 1993,3.5
175,A man is on a rooftop,A man,A man is holding a microphone in a room .,A man,0.800000011920929
176,Two women are wrestling .,Two women,Two women are wrestling on the floor .,Two women,4.0
177,The jury also found Gonzales guilty of using excessive force by dousing Olvera - Carrera with pepper spray .,The jury,Gonzales was found guilty of using excessive force by spraying Olvera with pepper spray .,excessive force,4.25
178,Captain of sunken South Korean ferry arrested,Captain of sunken South Korean ferry,Captain of capsized S Korean Ferry Arrested,capsized S Korean Ferry,4.0
179,EU Set for New Sanctions on Iran,EU Set,EU plans major new sanctions against Iran,major new sanctions against Iran,4.400000095367432
180,A man is riding a bike .,A man,A woman is dancing in the street .,A woman,0.2000000029802322
181,Two cats are close together inside and black and white furry enclosure .,Two cats,"Two baby kittens are sitting inside a cow - schemed , fur - covered dome .",Two baby kittens,3.5999999046325684
182,Pakistan ' s Musharraf Under Arrest in Bhutto Assassination,Pakistan ' s Musharraf,Pakistan ' s Musharraf arrives at court for first time,Pakistan ' s Musharraf,2.400000095367432
183,"Punjab Mail derails near Rohtak , 19 injured",Punjab Mail,"Punjab Mail derails near Rohtak in Haryana , 19 injured",Punjab Mail,4.199999809265137
184,There are many compact cameras with underwater housings available from Canon and Olympus .,many compact cameras with underwater housings available from Canon and Olympus,"There are waterproof compacts that go to 10 meters , such as some of the Olympus Tough models .","waterproof compacts that go to 10 meters , such as some of the Olympus Tough models",3.200000047683716
185,Death toll rises to 236 after Brazzaville blasts,Death toll,Rep . of Congo : 236 Dead After Arms Depot Blasts,Rep . of Congo,3.5999999046325684
186,Powerful 7 . 6 quake strikes off Solomons,Powerful 7 . 6 quake,Powerful 6 . 9 quake strikes off California coast,California coast,2.200000047683716
187,sharia is islamic law .,islamic law,iran is an islamic republic .,an islamic republic,1.2000000476837158
188,A computer on a desk .,A computer,A computer operating on a desk .,A computer,4.0
189,New video shows US police officers beating mentally - ill man,New video,New York police officer critically wounded in hatchet attack,New York police officer,0.0
190,A blonde woman looks for medical supplies for work in a suitcase .,A blonde woman,The blond woman is searching for medical supplies in a suitcase .,The blond woman,5.0
191,China launches probe and rover to moon,probe and rover to moon,China launches first moon rover mission,first moon rover mission,4.0
192,Two killed in new Israeli strike on Gaza : medics,new Israeli strike on Gaza,"5 die in strikes on Gaza , militants barrage Israel",strikes on Gaza,2.0
193,A man is slicing a potatoe .,A man,A man is peeling a banana .,A man,1.0
194,Many middle eastern people are sitting in the back of a blue truck .,Many middle eastern people,A group of people are riding in the back of a truck .,A group of people,3.400000095367432
195,A class 6 card in theory should be more than enough bandwidth for HD ( 1080 ) video for the 550 D ( 48 MBit ) .,A class 6 card in theory,"Some cards are too slow to accept an HD stream , so you need one that is fast enough .",Some cards,1.600000023841858
196,Beef burger mix recalled over salmonella concerns,Beef burger mix,Choc powder recalled over salmonella concerns,Choc powder,1.0
197,China launches first air - to - air missile from chopper,first air,China court sentences Bo Xilai to life imprisonment for corruption,China court,0.6000000238418579
198,Wal - Mart estimates more than 100 million Americans visit their stores every week .,more than 100 million Americans,"Each week 138 million shoppers visit Wal - Mart ' s 4 , 750 stores .",Each week,2.799999952316284
199,Women to face higher car insurance premiums,higher car insurance premiums,Women drivers to face insurance premium rise,Women drivers,5.0
200,"On Wednesday , the total of National Guard and Reserve members called to active duty worldwide stood at 154 , 603 .",the total of National Guard and Reserve members called to active duty worldwide,"As of yesterday , the total number of National Guard and Reserve troops called to duty worldwide stood at 154 , 603 .",the total number of National Guard and Reserve troops called to duty worldwide,4.0
201,Egyptians to vote for new president,new president,Somali MPs to elect new president,Somali MPs,0.800000011920929
202,A woman is slicing octopus .,A woman,A man is playing the guitar .,A man,0.0
203,Red Sox beat Tigers to reach World Series,Red Sox,Red Sox beat Tigers 5 - 2 to advance to World Series,Red Sox,4.400000095367432
204,The movement of the ball in the air is called swing bowling .,The movement of the ball in the air,Both of these styles of bowling are performed by bowlers who are medium pace or fast bowlers .,Both of these styles of bowling,1.7999999523162842
205,"With the power back on , state workers headed back to their jobs Friday morning .",state workers,"Pataki said if power was restored , state workers would be back on the job Friday morning .",state workers,2.5999999046325684
206,"9 dead , 11 hurt , 4 missing in Mont Blanc avalanche",Mont Blanc avalanche,"6 dead , several missing in Mont Blanc avalanche",several missing,2.400000095367432
207,Los Angeles airport worker charged with making 9 / 11 threats,Los Angeles airport worker,Los Angeles airport worker charged over 9 / 11 threats,Los Angeles airport worker,5.0
208,A ballet dancer is performing on stage .,A ballet dancer,The beaver is being petted .,The beaver,0.0
209,the countries oppose the weaponization of space and an arms race in space .,the countries,china stressed that opposition of weaponization and an arms race in outer space .,opposition of weaponization and an arms race in outer space,3.200000047683716
210,Semiconductor giant Intel Corp . said yesterday that its second - quarter profits doubled from a year ago as stronger - than - expected demand for computer microprocessors offset the weakness of its communications chip business .,Semiconductor giant Intel Corp .,Intel Corp . ' s second - quarter profits doubled and revenues grew 8 percent from a year ago as the chip - making giant reported stronger - than - expected demand for personal computer microprocessors .,Intel Corp . ' s,3.799999952316284
211,Six Democrats are vying to succeed Jacques and have qualified for the Feb . 3 primary ballot .,Six Democrats,Six Democrats and two Republicans are running for her seat and have qualified for the Feb . 3 primary ballot .,Six Democrats and two Republicans,3.400000095367432
212,"The 30 - year bond US30 YT = RR jumped 20 / 32 , taking its yield to 4 . 14 percent from 4 . 18 percent .",The 30 - year bond US30 YT = RR,The 30 - year bond US30 YT = RR dipped 14 / 32 for a yield of 4 . 26 percent from 4 . 23 percent .,The 30 - year bond US30 YT = RR,2.0
213,"Most doctors do recommend rice cereal as the first food , as there is almost no worry of allergic reaction .",Most doctors,Eating off a spoon has to be an unusual experience for them .,an unusual experience,0.6700000166893005
214,Floods leave six dead in Philippines,six dead,Heavy rains leave 18 dead in Philippines,Heavy rains,2.5999999046325684
215,i don ' t want a president who ' cares ' .,a president who ' cares ',i don ' t want a president who is charasmatic .,a president who is charasmatic,1.0
216,EU extends sanctions against Russia,sanctions against Russia,Nigeria drops arms trafficking charges against Russian sailors,arms trafficking charges against Russian sailors,0.4000000059604645
217,"A second victim , Michael Walker , 23 , was struck in the torso , the bullet perforating his lung .","A second victim , Michael Walker , 23 ,","The other victim , Michael Walker , of 550 Barbey Street , was struck in the neck .","The other victim , Michael Walker , of 550 Barbey Street ,",2.200000047683716
218,Brazil ' s ' pop - star priest ' gets mammoth new stage,Brazil ' s ' pop - star priest ',Brazil ' s ' Pop - Star Priest ' Gets Mammoth New Stage,Brazil ' s ' Pop - Star Priest ',5.0
219,A cow is eating grass .,A cow,A cow is eating hay .,A cow,3.799999952316284
220,The man rode his motorcycle down the highway .,The man,A person is driving a motorcycle on a road .,A person,3.75
221,Arkansas Supreme Court strikes down execution law,Arkansas Supreme Court,Arkansas Justices Strike Down Death Penalty,Arkansas Justices,4.599999904632568
222,"Licensing revenue slid 21 percent , however , to $ 107 . 6 million .",Licensing revenue,"License sales , a key measure of demand , fell 21 percent to $ 107 . 6 million .","License sales , a key measure of demand ,",4.0
223,Two women are posing for the camera and giving the thumbs up sign .,Two women,Two smiling young women giving the thumbs up sign .,Two smiling young women,4.400000095367432
224,Singapore shares open 0 . 28 % lower on Thursday,Singapore shares,Singapore shares open 0 . 19 % higher on Thursday,Singapore shares,2.0
225,Al - Qaida says it captures 70 Yemeni soldiers in Abyan ' s battle,70 Yemeni soldiers,"Al Qaeda clashes , blasts kill 35 soldiers in Yemen",Al Qaeda clashes,1.399999976158142
226,A man riding a white horse .,A man,A woman riding a brown horse .,A woman,1.7999999523162842
227,"The Nasdaq composite index added 30 . 46 points , or 2 percent , to 1 , 520 . 15 .",The Nasdaq composite index,"The Nasdaq had a weekly gain of 17 . 27 , or 1 . 2 percent , closing at 1 , 520 . 15 after gaining 30 . 46 yesterday .",The Nasdaq,2.400000095367432
228,Two dogs run side - by - side on the grass .,Two dogs,Two dogs running on grass .,Two dogs,4.400000095367432
229,Nazi Gestapo chief ' buried in Jewish cemetery ',Nazi Gestapo chief,Nazi chief buried in Jewish cemetary,Nazi chief,4.800000190734863
230,Israeli forces detain 2 in Hebron arrest raid,Israeli forces,Israeli credibility on line over Iran nuclear challenge,Israeli credibility,2.25
231,Ukrainian presidency says deal reached at crisis talks,Ukrainian presidency,Ukraine rivals sign deal to end crisis,Ukraine rivals,4.0
232,"A black , brown and white dog running through a field .","A black , brown and white dog",A white and brown dog runs in a field .,A white and brown dog,2.8299999237060547
233,"I have a few Nikon lenses , and a Sigma 10 - 20 mm for super - wide shots .","a few Nikon lenses , and a Sigma 10 - 20 mm for super - wide shots","If your interest is primarily the optics , you need to look at individual lenses , not brands as a whole .",your interest,1.7999999523162842
234,A black dog is running in the grass .,A black dog,The black dog is running through the grass .,The black dog,4.800000190734863
235,A boy skateboards down the railing of some graffiti stairs,A boy,A skateboarder is jumping over an obstacle in front of a white house .,A skateboarder,2.799999952316284
236,Long - haired black dog standing in grassy field .,haired black dog,A blue jay standing in a grassy field .,A blue jay,1.399999976158142
237,A woman is brushing her feet .,A woman,The sun is rising behind trees .,The sun,0.0
238,mexican president felipe calderon has sent 2800 special agents and soldiers to sinaloa due to the high degree of organized crime and drug trafficking .,mexican president felipe calderon,mexican president felipe calderon has sent 2800 special agents and soldiers to sinaloa to fight drug trafficking .,mexican president felipe calderon,4.599999904632568
239,A woman is slicing some tuna .,A woman,A woman is cutting raw fish .,A woman,2.799999952316284
240,A black dog running in the snow .,A black dog,A black dog running on a beach .,A black dog,1.7999999523162842
241,"A key question was whether France , which infuriated Washington by leading the charge against U . N . authorization for the war , would vote "" Yes "" or abstain .",A key question,"France , which infuriated Washington by leading the charge against U . N . approval for the war , also sought changes .","France , which infuriated Washington by leading the charge against U . N . approval for the war ,",2.5999999046325684
242,A woman is dancing in a cage .,A woman,A woman is dancing .,A woman,3.25
243,A person is adding food in a pan .,A person,A woman puts rice into a pan .,A woman,3.0
244,""" There is no doubt about the chemical programme , biological programme , indeed nuclear programme , indeed all that was documented by the UN , "" he said .","no doubt about the chemical programme , biological programme , indeed nuclear programme , indeed all that was documented by the UN","He added : "" There is no doubt about the chemical programme , the biological programme and indeed the nuclear weapons programme .","no doubt about the chemical programme , the biological programme and indeed the nuclear weapons programme",3.799999952316284
245,Polls close in Egyptian presidential election,Egyptian presidential election,Press Releases : Yemeni Presidential Election,Press Releases,0.800000011920929
246,The Boston Archdiocese has faced waves of scandal that have not only angered victims ' advocates but parishioners and some priests .,The Boston Archdiocese,"The waves of scandal angered not only victims ' advocates but parishioners and some priests , to the point that Law could no longer run the archdiocese .",The waves of scandal,3.0
247,Sheep are grazing in a grassy field near a stand of trees .,a grassy field near a stand of trees,Sheep are grazing in the field in front of a line of trees .,the field,4.599999904632568
248,A young girl riding a white and grey horse .,A young girl,a little girl is riding a white and grey horse .,a little girl,4.599999904632568
249,the european union and the united states have frozen al - qadi ' s assets .,the european union and the united states,the western governments include the united states and france .,the western governments,0.4000000059604645
250,Someone drills a hole in a strip of wood with a power drill .,a strip of wood,A man drills a hole in a piece of wood .,A man,3.200000047683716
251,The lamb is looking at the camera .,The lamb,A small bird standing on a log at the waters edge .,A small bird,0.0
252,A woman is writing a letter .,A woman,A woman is sitting at a desk .,A woman,1.6670000553131104
253,A man is dicing an onion .,A man,The man is playing the guitar .,The man,0.4000000059604645
254,A man puts a knife in a vice .,A man,A man is dancing .,A man,0.25
255,"So far , they have searched Pennsylvania , Ohio , Michigan , Illinois and Indiana , authorities in those state said .",authorities in those state,"So far , authorities also have searched areas in Pennsylvania , Ohio , Indiana , and Michigan .","areas in Pennsylvania , Ohio , Indiana , and Michigan",3.75
256,Egypt presidential election results delayed,Egypt presidential election results,Egyptian election result delayed,Egyptian election result,4.199999809265137
257,Turkey Raises Alarm Over Syrian Refugees,Alarm Over Syrian Refugees,Turkey seeks to relocate some Syrian refugees,some Syrian refugees,1.600000023841858
258,Someone is scratching an animals belly .,an animals belly,A woman is stroking a lemur .,A woman,2.0
259,Living room or den with large screen television .,Living room or den,Living room with tan furniture and flat screen television .,Living room,3.200000047683716
260,Shooter charged with murder of US black teen,murder of US black teen,Thoughts on race relations under a black president,race relations,0.800000011920929
261,"Benchmark Treasury 10 - year notes gained 17 / 32 , yielding 4 . 015 percent .",Benchmark Treasury 10 - year notes,"The benchmark 10 - year note was recently down 17 / 32 , to yield 4 . 067 percent .",The benchmark 10 - year note,2.75
262,A little bird floating in the water .,A little bird,A duck floating in the water .,A duck,2.400000095367432
263,Clinton warns Kenya of cost of election violence,cost of election violence,Clinton warns Kenya on cost of election unrest,cost of election unrest,4.599999904632568
264,The dog pulled the dogs tail and then his leg .,The dog,A monkey pulled a dogs tail .,A monkey,1.75
265,Two white cows in a green pasture .,Two white cows,The tan horse is in the pasture .,The tan horse,1.399999976158142
266,A puppy is repeatedly rolling from side to side while on its back .,A puppy,A dog is rolling from side to side .,A dog,3.5
267,Toulouse siege : Police surround flat of ' Islamic warrior ' suspected of being serial killer,Toulouse siege,Toulouse shooting : France was on the highest level of security of security alert,Toulouse shooting,1.7999999523162842
268,Iran says UN nuclear talks will continue,UN nuclear talks,Iran says nuclear talks with UN ' constructive ',nuclear talks,2.799999952316284
269,jewish - american group the anti - defamation league ( adl ) published full - page advertisements in swiss and international papers in april 2008 accusing switzerland of funding terrorism through the deal .,jewish - american group the anti - defamation league ( adl ),the anti - defamation league took out full - page advertisments in swiss and international newspapers earlier in april 2008 accusing switzerland of funding terrorism through the deal .,the anti - defamation league,4.400000095367432
270,A car backs out of a space .,A car,A car is backing out of a blocked lane .,A car,3.0
271,A doctor prescribes medicine to a patient .,A doctor,A doctor prescribes a medicine .,A doctor,4.400000095367432
272,Spain asks for bank rescue,bank rescue,Spaniard on trial for Cuban dissident ’ s death,trial for Cuban dissident ’ s death,0.2000000029802322
273,Three men are sitting down at a table that has drinks on it .,Three men,Three men sitting at the table with beer and food .,Three men,3.400000095367432
274,Three women with brown hair are smiling .,Three women with brown hair,Three women in Indian dresses in a crowded room smiling .,Three women in Indian dresses in a crowded room,2.799999952316284
275,Body of missing South Korean shipping tycoon found in field,Body of missing South Korean shipping tycoon,Sewol ferry disaster : Body of South Korean shipping tycoon found,Sewol ferry disaster,4.199999809265137
276,The man is wearing a black shirt and hat and smiling .,The man,A man is lifting a little girl above his head .,A man,0.0
277,A woman is walking on an open ground with a pet dog as some other dogs follow them .,A woman,A man is walking with several dogs .,A man,2.0
278,NATO soldier dies in Afghanistan,NATO soldier,Two Aust soldiers wounded in Afghanistan,Two Aust soldiers,0.6000000238418579
279,Rebel fighters ' capture ' Syrian soldiers,Rebel fighters,Free Syrian Army captures Syrian officers,Free Syrian Army,3.200000047683716
280,Mali interim leader takes office,Mali interim leader,Mali ' s Interim President Sworn Into Office,Mali ' s Interim President,4.199999809265137
281,any woman that wants birth control can get it .,any woman that wants birth control,Any woman that wants and abortion can get one .,Any woman that wants and abortion,1.600000023841858
282,North Korea says to restart nuclear reactor,North Korea,North Korea Offers Talks : Complex May Re - Open,North Korea,3.5999999046325684
283,German Shephard jumping through black hoop while people watch,German Shephard,A dog jumps through a hoop .,A dog,3.200000047683716
284,A beauty contest to be held in Italy next week may be the first for pixel - perfect pin - ups .,A beauty contest to be held in Italy next week,A new beauty contest kicking off in Italy next week will give pixel - perfect pin - ups the chance to steal sultry Sophia ' s sex - symbol status .,A new beauty contest kicking off in Italy next week,3.25
285,12 killed in bus accident in Pakistan,bus accident,10 killed in road accident in NW Pakistan,road accident,3.200000047683716
286,"Russia , China veto UN resolution on Syria endorsing","Russia , China","Russia , China veto U . N . draft backing Arab plan for Syria ( Reuters )","Russia , China",3.799999952316284
287,Ukraine ' s opposition chief wants more protests,Ukraine ' s opposition chief,Ukraine protesters topple Lenin statue,Ukraine protesters,2.400000095367432
288,"Dotson , 21 , was arrested and charged on July 21 after reportedly telling authorities he shot Dennehy after Dennehy tried to shoot him .","Dotson , 21 ,","Dotson was arrested July 21 after telling FBI agents he shot Dennehy when Dennehy tried to shoot him , according to the arrest warrant affidavit .",FBI agents,4.25
289,Your confusion doesn ' t make me a liar .,Your confusion,Then your confusion doesn ' t make me a liar either .,your confusion,3.799999952316284
290,Iran ' s Parliament Questions A Dismissive Ahmadinejad,Iran ' s Parliament,Iran ' s parliament questions President Ahmadinejad,Iran ' s parliament,4.0
291,Four arrested as Bangladesh building toll rises to 352,Bangladesh building toll,Owner arrested as Bangladesh building toll reaches 372,Bangladesh building toll,2.5999999046325684
292,""" It is safe to assume the Senate is prepared to pass some form of cap , "" King said .",the Senate,Its safe to assume the Senate is prepared to pass some form of a cap . . . . The level of it is to be debated .,The level of it,3.0
293,the back of a stop sign with many stickers on it .,the back,The back of a sign with stickers on .,The back,3.799999952316284
294,"Yahoo accounts for 159 , 354 of the BSD sites , with 152 , 054 from NTT / Verio and 129 , 378 from Infospace , the survey found .",the survey,"Another 152 , 054 are from IP services company NTT / Verio , and 129 , 378 from InfoSpace , the survey found .",the survey,3.0
295,Ukrainian Prime Minister Azarov and entire government resign,Ukrainian Prime Minister Azarov and entire government,Ukrainian officials barred from Canada as protests continue,Ukrainian officials,1.2000000476837158
296,signing of the agreement is a peripheral issue of the meeting of chiefs of defense staff from the 26 ally countries of nato .,signing of the agreement,the agreement was signed during a regular meeting of chiefs of defense staff from the 26 nato allies .,the agreement,3.0
297,Tibetan monk dies after setting himself on fire in protest against Chinese rule,Tibetan monk,Teenage Tibetan monk dies after setting himself on fire in China,Teenage Tibetan monk,3.799999952316284
298,' Scores of bodies ' found in Syria,Scores of bodies ',Eight more bodies found on ship,Eight more bodies,1.399999976158142
299,Nelson Mandela undergoes surgery,Nelson Mandela,‘ Nelson Mandela is recovering ’,Nelson Mandela,2.200000047683716
300,UN says US drones violate Pakistan ' s sovereignty,US drones,UN : US drone strikes violate Pakistan ' s sovereignty,US drone strikes,4.400000095367432
301,The man sang on stage into the microphone .,The man,A man in a suit is standing at a microphone and singing .,A man in a suit,3.5
302,A brown horse grazing in a field of green grass .,A brown horse,Brown horse standing in middle of grassy field .,Brown horse,4.0
303,the united states government has accused the iranian government of trying to develop nuclear weapons under the cover of a civilian nuclear program .,the united states government,the us and allies have accused iran of attempting to develop nuclear weapons under the guise of a civilian nuclear program .,the us and allies,4.599999904632568
304,iran insists that the program is aimed solely at peaceful pursuits such as the generation of,the program,iran insists that its nuclear program is for peaceful purposes,its nuclear program,4.400000095367432
305,The proportion of people covered by employers dropped from 62 . 3 percent in 2001 to 61 . 3 percent last year .,The proportion of people covered by employers,"The proportion of Americans with insurance from employers declined to 61 . 3 percent , from 62 . 6 percent in 2001 and 63 . 6 percent in 2000 .",The proportion of Americans with insurance from employers,3.200000047683716
306,Car bomb kills 20 in northwest Syria,Car bomb,Car bomb kills 40 in northwest Pakistan,Car bomb,1.2000000476837158
307,Iraq bombings kill at least 26,Iraq bombings,Iraq suicide bomber kills at least 12,Iraq suicide bomber,2.0
308,Indian finance minister quits to run for president,Indian finance minister,Julian Assange Plans to Run for Australian Senate,Julian Assange,0.2000000029802322
309,A man is praying .,A man,A man is running .,A man,0.7269999980926514
310,"Show her how much fun splashing is - that ' s what we did , and made a game of it .",a game of it,You can put her toys near her or give he toys to her .,her toys,0.800000011920929
311,helmand province is the world ' s largest producer of opium .,helmand province,the areva group is the world ' s largest nuclear engineering firm .,the areva group,0.0
312,A man is playing the guitar .,A man,A man is playing the drums .,A man,1.555999994277954
313,A woman puts a garland over a man ' s shoulders .,A woman,A man pours water over a pilots head .,A man,0.5
314,The man is peeling an apple .,The man,A man peels an apple .,A man,5.0
315,Eurozone unemployment stays at record 11 percent,Eurozone unemployment,Eurozone unemployment at record high in June,Eurozone unemployment,3.0
316,A bay foal is walking next to its mother in a grassy field .,A bay foal,Close - up of young horse walking next to a larger horse .,young horse,2.5999999046325684
317,There are no post - emergents that specifically kill crabgrass without killing lawn grass .,no post - emergents that specifically kill crabgrass without killing lawn grass,I brought an Ace product that kla crab grass and you can use it below 90 degrees .,an Ace product,1.7999999523162842
318,"When you crossed the line , you violated the constitutional right , "" said Charles Weisselberg , a UC Berkeley law professor .","Charles Weisselberg , a UC Berkeley law professor","When you crossed the line , you violated the constitutional right , "" said Charles Weisselberg , who teaches law at the University of California , Berkeley .","Charles Weisselberg , who teaches law at the University of California , Berkeley",5.0
319,A women sitting at a table drinking with a basketball picture in the background .,A women,A woman in a sari drinks something while sitting at a table .,A woman in a sari,2.5999999046325684
320,A man is levitating .,A man,A man is talking .,A man,0.800000011920929
321,The skinny cows are standing on the grass .,The skinny cows,The white ducks are standing on the ground .,The white ducks,0.6000000238418579
322,"Hagel , Dempsey face Congress over defense budget","Hagel , Dempsey","Hagel laments "" political "" changes to US defence budget",""" political "" changes to US defence budget",4.0
323,NATO protesters acquitted of terrorism charges,NATO protesters,NATO protesters convicted on non - terrorism charges,NATO protesters,1.600000023841858
324,elbaradei states that a middle east peace deal can only be reached in parallel with a security agreement based on eradicating all weapons of mass destruction from the region .,a middle east peace deal,elbaradei was quoted as saying that a peace deal between israel and its arab neighbors must be reached in parallel with a security agreement based on eradicating all weapons of mass destruction from the region .,a peace deal between israel and its arab neighbors,4.599999904632568
325,A black dog stands next to materials at a construction site .,A black dog,A black dog standing in a room being constructed .,A black dog,3.200000047683716
326,2 police killed in eastern Afghan explosion,eastern Afghan explosion,At least 28 people die in Chinese coal mine explosion,At least 28 people,0.4000000059604645
327,Swiss vote on highest minimum wage,Swiss vote,Swiss cast ballots on world ' s highest minimum wage,world ' s highest minimum wage,4.599999904632568
328,A black person in black and red is sleeping on a bench with an open black umbrella .,A black person in black and red,A man sitting up taking a nap on a park bench with an open umbrella protecting him from the sun .,A man,3.5999999046325684
329,Barack Obama admits US has ' more nuclear weapons than we need ',Barack Obama,French gunman wants to ' die with weapons in hands ',French gunman,0.4000000059604645
330,"International rescue workers are scouring flattened debris for survivors in Iran ' s shattered ancient Silk Road city of Bam after a violent earthquake killed more than 20 , 000 people .",International rescue workers,International rescue workers hacked desperately through flattened debris for survivors and cemeteries overflowed in Iran ' s ancient Silk Road city of Bam yesterday .,International rescue workers,3.0
331,A man is playing a flute .,A man,A man is playing a guitar .,A man,2.0
332,Russian lawmakers pass new bill restricting Internet,Russian lawmakers,Russia says ballistic ' objects ' fired in Mediterranean,ballistic ' objects ' fired in Mediterranean,0.4000000059604645
333,Police fire tear gas to disperse protesters in Tunis,tear gas,Police fire tear gas at protesters in Cairo,tear gas,2.200000047683716
334,Some smiling children are standing in front of an ocean sunset .,Some smiling children,People walking in the dark .,the dark,0.6000000238418579
335,They are preparing for a performance at school .,a performance at school,Two medical professionals in green look on at something .,Two medical professionals,0.0
336,US soldier kills up to 16 civilians in Afghanistan,US soldier,US soldier kills up to 16 Afghan civilians in shooting spree,US soldier,4.199999809265137
337,"At 12 months there was still a difference in function , although it was not a significant one .",a difference in function,"At 12 months , there was still a difference between the groups , but it was not considered significant .",a difference between the groups,4.400000095367432
338,A woman is slicing a big pepper .,A woman,A person is cutting a green pepper .,A person,3.400000095367432
339,Very crowded office desk with computer monitor on .,Very crowded office desk,Messy computer desk with two monitors .,Messy computer desk,3.0
340,"The Dow Jones industrial average < . DJI > was off 58 . 69 points , or 0 . 64 percent , at 9 , 137 . 86 .",The Dow Jones industrial average < . DJI >,"The Dow Jones industrial average . DJI fell 79 . 43 points , or 0 . 86 percent , to 9 , 117 . 12 on Friday .",The Dow Jones industrial average . DJI,2.400000095367432
341,An animal is walking .,An animal,A woman is applying eye makeup .,A woman,0.0
342,A man is meditating .,A man,The man is riding the horse .,The man,0.75
343,The girl sang into a microphone .,The girl,The lady sang into the microphone .,The lady,2.400000095367432
344,"Sliding down the ice , Moriarty and Carella hit the spongy , rocky floor of the river and immediately felt the pull .",Moriarty and Carella,"Sliding down the embankment , the two rescuers hit the spongy , rocky floor of the river and immediately felt the pull .",the two rescuers,3.400000095367432
345,A woman is adding an egg and stirring .,A woman,A woman is mixing an egg in a bowl .,A woman,3.5
346,Officer injured in India anti - rape protests dies,Officer injured in India anti - rape protests,Indian policeman injured in gang - rape protest dies,Indian policeman injured in gang,4.199999809265137
347,Vinnie Jones reveals cancer battle new,Vinnie Jones,Vinnie Jones reveals he has skin cancer,Vinnie Jones,4.0
348,Six Australians killed in Laos plane crash,Six Australians,Dozens killed in Laos plane crash,Laos plane crash,3.0
349,A person is squeezing through an opening in the rock face .,A person,A medium sized brown dog is running through an open white wooded area .,A medium sized brown dog,0.0
350,Cooley said he expects Muhammad will similarly be called as a witness at a pretrial hearing for Malvo .,a pretrial hearing for Malvo,Lee Boyd Malvo will be called as a witness Wednesday in a pretrial hearing for fellow sniper suspect John Allen Muhammad .,Lee Boyd Malvo,2.5
351,US drone strike kills 8 militants,US drone strike,US drone strike kills four in NWA : officials,US drone strike,2.200000047683716
352,The man is playing the wooden flute .,The man,A little boy is vacuuming the floor .,A little boy,0.0
353,"Richard Miller remained hospitalized after undergoing a liver transplant , but his wife has recovered .",Richard Miller,"Richard Miller , 57 , survived a lifesaving liver transplant but remains hospitalized .","Richard Miller , 57 ,",3.200000047683716
354,Indonesia anti - terror squad kills two suspected militants,Indonesia anti - terror squad,Indonesia police shoot dead suspected militants in Bali,Indonesia police,3.200000047683716
355,The white and brown dog is running quickly through the grass .,The white and brown dog,The big white dog is running in the grass .,The big white dog,3.400000095367432
356,A woman is firing a rifle .,A woman,A woman is cutting a lemon .,A woman,0.2000000029802322
357,Obama nominates new transportation secretary,new transportation secretary,Obama To Meet Embattled Veterans Secretary,Embattled Veterans Secretary,0.2000000029802322
358,Where in the world is Ron Paul ?,Ron Paul,Where in the world is the MEDIA ? ?,the MEDIA,0.800000011920929
359,Taiwan rattled by strong earthquake,strong earthquake,China rocked by twin earthquakes,twin earthquakes,1.2000000476837158
360,China ' s 1 st Pilot Free Trade Zone Opens,China ' s 1 st Pilot Free Trade Zone,Shanghai Free Trade Zone begins operation,Shanghai Free Trade Zone,3.799999952316284
361,A group of people sitting at a restaurant table .,A group,A group of people sitting around a table on a porch .,A group,2.5999999046325684
362,A woman sings into a microphone by a guy playing a guitar .,A woman,A woman sings into a microphone with a guitar player in the background .,A woman,4.400000095367432
363,"We ' re talking about angels and common pins again , right ?",angels and common pins,"@ Lustig Andrei , We ' re talking about angels and common pins again , right ?",Lustig Andrei,4.800000190734863
364,Hong Kong stocks close down 0 . 28 %,Hong Kong stocks,Hong Kong stocks open 0 . 62 pct higher,Hong Kong stocks,1.600000023841858
365,"One child pulls another , sitting in a red wagon , along the sand .",One child,A young boy pulls another boy wearing a silly hat in a radio flyer wagon .,A young boy,3.400000095367432
366,A group of people in boats racing towards the shore .,A group,A classroom of students watching a presentation .,A classroom,0.0
367,Boston bombing suspect charged in hospital bed,Boston bombing suspect,One week later : Boston honors bombing victims ; suspect unable to speak,One week,1.2000000476837158
368,7 killed in attacks in Iraq,attacks in Iraq,16 killed in series of attacks in Iraq,series of attacks in Iraq,3.0
369,People who are good at the philosophy of mathematics are mathematicians and not philosophers .,People who are good at the philosophy of mathematics,My motivation is that I like to look at things from their roots and go up .,My motivation,0.0
370,Motor Racing : Button fastest in year ' s first F1 practice,Motor Racing,Button boasts best time after first practice,best time,3.0
371,"Someone standing on a snowy mountain , watching a plane .",a snowy mountain,"A man stands on a mountain , watching a plane .",A man,4.400000095367432
372,A man puts seasoning in a bowl of water .,A man,The man added seasoning to water in a bowl .,The man,5.0
373,New coronavirus can probably can be passed person to person - WHO,New coronavirus,WHO : New virus can probably pass person to person,New virus,3.799999952316284
374,A boy does a skateboard trick on the stairs downtown .,A boy,a boy is running on the sidewalk,the sidewalk,0.6000000238418579
375,Food price hikes raise concerns in Iran,Food price hikes,American Chris Horner wins Tour of Spain,American Chris Horner,0.0
376,A person is driving a car .,A person,A man is driving a car .,A man,3.5
377,egypt and jordan have signed the nuclear nonproliferation treaty and have long called for a middle east free of weapons of mass destruction .,egypt and jordan,syria has signed the nuclear nonproliferation treaty and has allowed agency experts to inspect its only known nuclear facility .,the nuclear nonproliferation treaty,4.0
378,An arrest warrant claimed Bryant assaulted the woman June 30 at a hotel .,An arrest warrant,"According to an arrest warrant , Bryant , 24 , attacked a woman on June 30 .","Bryant , 24 ,",4.25
379,North Korea says to put US citizen on trial,North Korea,North Korea says detained American tourist to face trial,North Korea,5.0
380,"If I ' m angry , it will show up in one of those scans . .",one of those scans,"If I ' m hyper active , it will show up in one of those scans . .",one of those scans,3.200000047683716
381,Afghan legislators approve new election law,Afghan legislators,Afghan president approves new electon law,Afghan president,2.5999999046325684
382,Russia says ballistic missiles fired in Mediterranean,ballistic missiles fired in Mediterranean,Israel says it carried out joint missile test with US in Mediterranean,joint missile test,1.0
383,"national , regional and international efforts to end the illicit trade in small arms and light weapons .","national , regional and international efforts",the global community must cooperate to end illicit trade of small arms and light weapons .,the global community,4.0
384,A man plays the violin .,A man,A man is playing violin .,A man,5.0
385,the attacks are believed to have come from russian administration ip addresses in response to the relocation of a soviet statue in estonia .,the attacks,the attacks occurred after a dispute between the governments of russia and estonia over the relocation of a soviet war memorial .,the attacks,3.0
386,five people standing on a sidewalk,five people,Five people on a sidewalk .,Five people,4.800000190734863
387,A girl is dragged downhill by a dog .,A girl,A dog is pulling a child down a hill .,A dog,3.799999952316284
388,Many killed in Japan road tunnel collapse,Japan road tunnel collapse,Many killed in Syrian air strike,Syrian air strike,1.2000000476837158
389,A person is stirring rice .,A person,A woman is cracking an egg .,A woman,1.0
390,The man is seasoning the sausages .,The man,The man added seasoning to water in a bowl .,The man,2.400000095367432
391,"The shares represent more than half the 115 . 9 million shares Turner held at the end of April , according to Bloomberg data .",The shares,The sale represents about 52 per cent of the 115 . 9 million shares Mr Turner held at the end of April .,The sale,3.799999952316284
392,"The index , which measures activity in the service sector , climbed to 50 . 7 last month from 47 . 9 in March .","The index , which measures activity in the service sector ,","The Arizona - based ISM reported Monday that its non - manufacturing index rose to 50 . 7 last month , from 47 . 9 in March .",The Arizona - based ISM,3.5
393,"You need to be embedding a color profile in you image , as also using a browser that supports color management .",a color profile,"In my experience , when the final production will be in sRGB , use that color profile from start to finish .",my experience,2.5999999046325684
394,you have no remains of a missile at the pentagon .,no remains of a missile at the pentagon,you have no remains of an A - at the pentagon .,no remains of an A,2.400000095367432
395,A person holding a net is standing in the water .,A person holding a net,A black woman and two black children are sitting in a thatched tent .,A black woman and two black children,0.6000000238418579
396,Mann ' s work was all about math .,Mann ' s work,Mann ' s work and the HS was all about Tree rings .,Mann ' s work and the HS,1.600000023841858
397,A man in a red jacket holds his bike for the picture .,A man in a red jacket,A woman in a red jacket is video taping a natural landscape .,A woman in a red jacket,0.4000000059604645
398,"Previously , it had reported a profit of $ 12 million , or 0 cents a share , for that period .","a profit of $ 12 million , or 0 cents a share , for that period","Previously , it had reported a small profit of $ 12 million , or break - even on a per - share basis , for the period .","a small profit of $ 12 million , or break - even on a per - share basis , for the period",4.400000095367432
399,A woman is slicing an onion .,A woman,A man is slicing a tomato .,A man,1.2000000476837158
400,A person is standing underneath an overpass near a highway .,A person,A person walks a dog along the water ' s edge .,A person,0.2000000029802322
401,Russian parliament allows Putin to use military in Ukraine,Russian parliament,President Obama warns Russia to stay out of Ukraine,President Obama,1.0
402,Two men compete in a tire rolling race .,Two men,Two people flipped tractor tires in a race .,Two people,2.75
403,Two boys are jumping into a pool .,Two boys,Two boys are in midair jumping into an inground pool .,Two boys,4.199999809265137
404,The fines are part of failed Republican efforts to force or entice the Democrats to return .,The fines,"Perry said he backs the Senate ' s efforts , including the fines , to force the Democrats to return .","the Senate ' s efforts , including the fines , to force the Democrats to return",2.799999952316284
405,FBI audio expert testifies in Zimmerman trial,FBI audio expert,Jury selection begins in Zimmerman ' s trial,Jury selection,1.399999976158142
406,I once met a physicists who held the strong AI position .,a physicists who held the strong AI position,"Although I believe Searle is mistaken , I don ' t think you have found the problem .",the problem,0.2000000029802322
407,Israel threatens action against Gaza aid ship,action against Gaza aid ship,Israel attacks in Gaza Strip after rocket fire,Israel attacks,1.600000023841858
408,"The department ' s position threatens to alienate social conservatives , who have provided strong political support for Mr . Ashcroft and President Bush .",The department ' s position,"The department ' s stance disappointed some abortion opponents , and it threatens to alienate social conservatives who have provided strong political support for Ashcroft and President Bush .",The department ' s stance,3.75
409,The man poses for a photo in front of the train .,The man,A man stands on a platform in front of a silver train .,A man,3.400000095367432
410,A panda is climbing .,A panda,A man is climbing a rope .,A man,1.600000023841858
411,A man is wind sailing in the ocean .,A man,A dog is running through the ocean .,A dog,1.399999976158142
412,Ballmer has been vocal in the past warning that Linux is a threat to Microsoft .,the past warning that Linux is a threat to Microsoft,"In the memo , Ballmer reiterated the open - source threat to Microsoft .",the memo,3.0
413,An airplane moves along a runway .,An airplane,A plane is landing on a runway .,A plane,2.799999952316284
414,"The farther away , the faster the galaxies move away from us .",the galaxies,Here is my answer to a similar question posted on the physics stack exchange website .,my answer to a similar question posted on the physics stack exchange website,0.0
415,A black dog and a white dog playing in the street .,A black dog and a white dog,A black dog and a white dog play in the street together .,A black dog and a white dog,4.599999904632568
416,A couple holds a baby .,A couple,Couple with newborn baby .,newborn baby,4.199999809265137
417,A man laying down and shooting a gun,A man,A man is laying on the ground shooting a rifle .,A man,3.799999952316284
418,Two women stand in a living room with a black dog .,Two women,Two women standing in a living room with a black dog looking towards the camera .,Two women,4.0
419,US Afghanistan general linked to Petraeus scandal,US Afghanistan general,Senior US general linked to Petraeus scandal,Senior US general,3.799999952316284
420,Bollywood cuts costs by a third as rupee collapse bites,rupee collapse bites,Bollywood cuts costs as rupee crisis bites,rupee crisis bites,4.199999809265137
421,A man lays on the ground and aims a rifle .,A man,A man is spreading butter on a tortilla .,A man,0.0
422,Two different breeds of brown and white dogs play on the beach .,Two different breeds of brown and white dogs,Two dogs playing in the sand at the beach .,Two dogs,4.0
423,Voting canceled in three provinces in tense Thai election,three provinces,Cambodian opposition rejects Hun Sen election win,Cambodian opposition,0.0
424,"Dubbed Project Mad Hatter , the Linux - based desktop is being promoted by Sun as a more secure and less expensive alternative to Windows .",the Linux - based desktop,"Designed to compete with Microsoft Corp . , Project Mad Hatter is being positioned by Sun as a cheaper , secure alternative desktop operating system to Microsoft ' s various desktop offerings .",Project Mad Hatter,3.799999952316284
425,A man plays the guitar and sings .,A man,A man is singing and playing a guitar .,A man,5.0
426,The blasts killed two people and injured more than 150 others .,The blasts,The Atlanta Olympic Games attack killed one woman and injured more than 100 other people .,The Atlanta Olympic Games attack,1.7999999523162842
427,Spanish bailout dilemma gets more acute,Spanish bailout dilemma,Spanish dilemma gets more acute,Spanish dilemma,3.400000095367432
428,Everyone else at the current prosperity level of Mexico .,Everyone else,"Everyone in the world at the current "" prosperity "" level of Northwest Africa .",the world,1.399999976158142
429,South Africa prays for Nelson Mandela,South Africa,South Africa unites in prayer and song for Nelson Mandela,South Africa,4.199999809265137
430,The cats are playing with each other .,The cats,Two cats are fighting each other .,Two cats,2.5999999046325684
431,I agree with others ( and yourself ) in that I have never heard this phrase in English .,others ( and yourself ),I have never heard or seen the phrase you mention .,the phrase you mention,4.0
432,"TVT Records sought $ 360 million in punitive damages and $ 30 million in compensatory damages , officials said .",TVT Records,The damages included $ 24 million in compensatory damages and $ 52 million in punitive damages for IDJ .,The damages,1.25
433,A man is riding on a horse .,A man,A woman is riding an elephant .,A woman,1.5329999923706057
434,A black and white image of a cat laying on a rug .,A black and white image,Black and white picture of a cat laying on a rug .,Black and white picture,5.0
435,Sail boat sailing on the water .,the water,Sailboat sailing on a cloudy day .,Sailboat sailing,3.400000095367432
436,"Glover said the killer used a "" peculiar slipknot "" on the ligature he used to strangle some of the victims .",the killer,"Glover said the killer used a ` ` peculiar slipknot , ' ' including a coaxial cable and an extension cord , to strangle some of the victims .",the killer,3.400000095367432
437,A man is placing meat inside a plastic bag .,A man,A woman is carrying a wallaby in a bag .,A woman,0.4000000059604645
438,I guess I pulled it out of the census ' s rear end in a top hat .,a top hat,Does the census have an rear end in a top hat ?,the census,2.5999999046325684
439,Dignitaries pay tribute to Paul Desmarais,Paul Desmarais,Stars pay tribute to James Garner,James Garner,0.4000000059604645
440,Israel frees Palestinian prisoners,Palestinian prisoners,Israel releases 26 Palestinian prisoners,26 Palestinian prisoners,4.599999904632568
441,"The report forecasts there will be 71 , 079 hot spots worldwide this year , up from just 14 , 752 in 2002 and 1 , 214 in 2001 .",The report,"The report also claims that there will be up to 9 . 3 million visitors to hot spots this year , up again from the meagre 2 . 5 million in 2002 .",The report,1.75
442,6 . 9 magnitude earthquake hits New Zealand,6 . 9 magnitude earthquake,5 . 6 magnitude earthquake shakes Iran,5 . 6 magnitude earthquake,0.2000000029802322
443,I thought that was mostly just the Dutch .,the Dutch,It is mostly just the Dutch .,just the Dutch,4.0
444,at the state scientific center of applied microbiology there is every kind of deadly bacteria that was studied for use in the secret biological weapons program of the soviet union .,the state scientific center of applied microbiology,the state scientific center of applied microbiology has been working with western scientists to convert the complex into a biomedical manufacturing site .,the state scientific center of applied microbiology,3.400000095367432
445,Black and white cows behind a fence .,Black and white cows,Two black and white cows behind a metal gate against a partly cloudy blue sky .,Two black and white cows,3.200000047683716
446,Hezbollah ' s Nasrallah warns US over anti - Islam film,Hezbollah ' s Nasrallah,Hezbollah calls for more anti - Islam film protests,more anti - Islam film protests,2.799999952316284
447,India Ink : Image of the Day : July 2,India Ink,India Ink : Image of the Day : March 4,India Ink,3.0
448,"Two U . S . soldiers shot , killed by Afghan soldier",Two U . S . soldiers,Two British soldiers killed by Afghan policeman,Two British soldiers,1.600000023841858
449,""" Today , we are trying to convey this problem to Russian President Vladimir Putin and US President George W Bush . """,this problem,""" Today , we are trying to convey this problem to Russian President Vladimir Putin ( news - web sites ) and President Bush ( news - web sites ) . """,this problem,4.599999904632568
450,A brown dog is splashing water everywhere by shaking the water off of itself .,A brown dog,A white dog is standing by a river shaking himself dry .,A white dog,2.400000095367432
451,"Announcing the selection , Kmart CEO Julian Day said Grey will help the retailer "" find creative ways to communicate the unique strengths of Kmart to the new America consumer . """,Kmart CEO Julian Day,"Together , we will find creative ways to communicate the unique strengths of Kmart to the ' new America ' consumer . """,creative ways to communicate the unique strengths of Kmart to the ' new America ' consumer,3.25
452,Islamic State issues video of beheading of US hostage,Islamic State,Islamic State posts second propaganda video of UK hostage,Islamic State,3.0
453,The settlement includes $ 4 . 1 million in attorneys ' fees and expenses .,The settlement,Plaintiffs ' attorneys would get $ 4 . 1 million of the settlement .,Plaintiffs ' attorneys,4.5
454,His dissent was joined by Chief Justice William H . Rehnquist and Justice Clarence Thomas .,His dissent,Chief Justice William H . Rehnquist and Justices Antonin Scalia and Clarence Thomas dissented .,Chief Justice William H . Rehnquist and Justices Antonin Scalia and Clarence Thomas,3.799999952316284
455,A yellow and blue airplane is flying in the sky .,A yellow and blue airplane,The white airplane is flying in the blue sky .,The white airplane,3.200000047683716
456,The woman is rolling dough .,The woman,A woman is flouring and rolling dough .,A woman,3.765000104904175
457,"The new version , W32 / Sobig . C - mm , had already reached a "" high level "" outbreak status by Monday , according to security analysts .","The new version , W32 / Sobig . C - mm ,","Security analysts said the new version , W32 / Sobig . C - mm , had already reached a "" high level "" outbreak status by mid - afternoon on Monday .",Security analysts,4.5
458,"However , other unions including the powerful CGT remained opposed to the reform and demanded the government begin fresh negotiations with them .",other unions including the powerful CGT,"The powerful CGT and other unions remained opposed to the plans , however , and demanded the government renegotiate the reform with them .",The powerful CGT and other unions,4.0
459,A woman is carrying a boy .,A woman,A woman is carrying her baby .,A woman,2.3329999446868896
460,A white dog walking in the snow .,A white dog,A black and tan dog walking through the snow .,A black and tan dog,3.0
461,Couple sailing in a small sailboat .,Couple sailing,Two men sailing in a small sailboat .,Two men,3.0
462,Suarez set for Cup comeback,Cup comeback,French set for Mali ground combat,Mali ground combat,0.800000011920929
463,A brown and white dog is walking next to a man on a skateboard .,A brown and white dog,A blond child is laying on a branch of a tree in a green field .,A blond child,0.0
464,Veteran entertainer Bob Hope celebrates his 100 th birthday - and many years in showbusiness - on Thursday .,Veteran entertainer Bob Hope,Hollywood and the world are gearing up to celebrate legendary entertainer Bob Hope ' s 100 th birthday on Thursday .,Hollywood and the world,3.75
465,"The rapper ' s lawyer , Mark Gann , didn ' t return calls for comment .","The rapper ' s lawyer , Mark Gann ,","The 27 - year - old rapper ' s attorney in the civil matter , Mark Gann , did not return calls for comment .","The 27 - year - old rapper ' s attorney in the civil matter , Mark Gann ,",4.5
466,Queen pays tribute to Nelson Mandela,Nelson Mandela,US presidents pay tribute to Mandela,US presidents,1.600000023841858
467,Do you notice the nonsensical things you are saying ?,the nonsensical things you are saying,"And to be fair , do you notice the nonsensical things you are saying ?",the nonsensical things you are saying,4.5714287757873535
468,A woman riding a brown horse .,A woman,Person dressed in blue riding brown horse .,blue riding brown horse,2.5999999046325684
469,""" PNC regrets its involvement "" in the deals , Chairman and Chief Executive Officer James Rohr said in a statement .",Chairman and Chief Executive Officer James Rohr,"James Rohr , chairman and chief executive officer , said PNC regretted the incident .","James Rohr , chairman and chief executive officer ,",4.333000183105469
470,Germany warns Greece : No more money without reforms,No more money without reforms,Euro zone to Greece : No rescue without reforms,Euro zone to Greece,2.5999999046325684
471,A little boy and a little girl playing together outside .,A little boy and a little girl,A young boy and a young girl walking towards each other,A young boy and a young girl,2.0
472,"Firstly , you should be aware that there are two different kinds of dashes : the en dash and the em dash .",two different kinds of dashes : the en dash and the em dash,"Semicolon is used to join sentences that can stand alone , but are joined to emphasize their relationship .",sentences that can stand alone,0.6000000238418579
473,Suicide bomber kills 16 in Afghanistan,Suicide bomber,Suicide bomber kills 12 in Nigeria church,Suicide bomber,1.2000000476837158
474,A person is frying meat in a pan .,A person,A person is holding a skunk .,A person,0.75
475,"People who have opposed these actions throughout are now trying to find fresh reasons to say this wasn ' t the right thing to do . """,People who have opposed these actions throughout,""" What is happening here is that people who have opposed this action throughout are trying to find fresh reasons why it was not the right thing to do . """,people who have opposed this action throughout,4.0
476,Japan scrambles jets against Russian military planes,Russian military planes,"Separatists down Ukraine military plane , several dead",Separatists down Ukraine military plane,0.800000011920929
477,Armenians vote in parliamentary elections,parliamentary elections,Armenia ' s parliamentary vote a test for president,Armenia ' s parliamentary vote,3.200000047683716
478,"Navy jet crashes into US apartments , pilots eject",Navy jet,U . S . Navy Jet Crashes Into Virginia Apartment Buildings,Virginia Apartment Buildings,3.400000095367432
479,iran has noticeably increased the number of executions in recent months as officials enforce a campaign aimed at promoting virtue and boosting security in,the number of executions,iranian officials have increased executions in 2007 as officials enforce a campaign purportedly aimed at promoting virtue and boosting security in society .,iranian officials,3.5999999046325684
480,"The Portuguese weather service said Europe ' s heatwave was caused by a mass of hot , dry air moving from the southeast .",The Portuguese weather service,"The heatwave was due to a mass of hot , dry air from the southeast , said Mario Almeida of Portugal ' s weather service .",Mario Almeida of Portugal ' s weather service,4.056000232696533
481,Search leader urges caution in findings related to missing Malaysian jetliner,Search leader,Searchers hoping pings come from lost Malaysian airliner,lost Malaysian airliner,1.0
482,A woman is chopping a hard egg .,A woman,A person is cutting boiled egg into pieces .,A person,3.532999992370605
483,shalgam ' s visit to london is the first by a libyan foreign minister since 1969 .,shalgam ' s visit to london,a visit to libya by the russian foreign minister was announced .,a visit to libya by the russian foreign minister,2.5999999046325684
484,Gusmao consolidates power in East Timor elections,East Timor elections,Gusmao powers on in East Timor,East Timor,3.5999999046325684
485,A pair of dogs playing with a purple ball .,A pair of dogs,Two dogs play with purple football .,Two dogs,4.400000095367432
486,Some men are fighting .,Some men,Two men are fighting .,Two men,4.25
487,Syrian fighter pilot defects to Jordan,Syrian fighter pilot defects,Syrian PM defects to Jordan,Syrian PM,1.399999976158142
488,""" We had nothing to do with @ Stake ' s internal personnel decision , "" Microsoft spokesman Sean Sundwell said .",Microsoft spokesman Sean Sundwell,""" Microsoft had absolutely nothing to do with AtStake ' s internal personnel decision , "" Sundwall said .",absolutely nothing to do with AtStake ' s internal personnel decision,4.199999809265137
489,Just so long as the tax on that sale is paid .,the tax on that sale,Just so long as the tax is paid .,the tax,3.799999952316284
490,""" Generally unwanted - and often pornographic or with fraudulent intent - spam is a nuisance and a distraction , "" Gates writes , warming us up for the punchline .",fraudulent intent,"Generally unwanted — and often pornographic or with fraudulent intent — spam is a nuisance and a distraction , "" Gates writes .",fraudulent intent,4.199999809265137
491,A group of people sitting around a table on a porch .,A group,A group of people sitting around a table with food on it .,A group,3.5999999046325684
492,A young child rides a horse .,A young child,The little girl rode a horse .,The little girl,3.200000047683716
493,A woman is dancing in the rain .,A woman,A woman is dancing in railway station .,A woman,2.0
494,"Graham , a presidential candidate , was criticized by several Republicans as ' ' politicizing ' ' the report .","Graham , a presidential candidate ,","Graham , who co - chaired the inquiry , is a presidential candidate .","Graham , who co - chaired the inquiry ,",2.25
495,""" This is an easy case in my view and wholly without merit , both factually and legally . """,an easy case in my view,""" This case is wholly without merit , both factually and legally , "" Judge Denny Chin scoffed .",Judge Denny Chin,3.25
496,Algerian priest to lecture about Christian heritage in N . Africa,Algerian priest,Telstra applies to list China site in NY,China site,0.0
497,A small baby is playing a guitar .,A small baby,"A boy sits on a bed , sings and plays a guitar .",A boy,2.0
498,A black dog is running in snow .,A black dog,A black dog is swimming with a ball in it ' s mouth .,A black dog,1.7999999523162842
499,A person is slicing a tomato .,A person,A person is slicing some meat .,A person,1.75
